question,answer
Seberapa akurat tes kehamilan?,"Beberapa tes kehamilan di rumah menyatakan bahwa Anda dapat menggunakannya bahkan sebelum menstruasi pertama Anda terlewat, tetapi tes tersebut akan lebih akurat jika Anda menunggu hingga hari pertama menstruasi Anda yang terlewat. Tubuh Anda tidak mulai membuat hormon kehamilan, human chorionic gonadotropin, atau hCG, sampai sekitar sepuluh hari setelah pembuahan. Para profesional menyarankan bahwa semakin dini seseorang melakukan tes, semakin sulit tes tersebut mendeteksi hCG. Jika menstruasi Anda tidak teratur, lakukan tes sekitar tiga minggu setelah hubungan seks tanpa kondom."
Seberapa cepat Anda bisa melakukan tes kehamilan?,"Tes kehamilan—baik yang dilakukan di rumah atau di kantor dokter—kira-kira 99 persen akurat. Jika Anda mendapatkan hasil positif, Anda harus menghubungi dokter Anda untuk menjadwalkan janji temu untuk perawatan prenatal. Jika tes kehamilan Anda negatif, Anda mungkin melakukannya terlalu dini. Ikuti tes lagi dalam beberapa hari. Hubungi dokter jika masih negatif tetapi Anda masih belum mendapat menstruasi. Mereka dapat melakukan tes darah untuk memastikannya."
Kapan gejala kehamilan dimulai?,"Gejala kehamilan dapat dimulai sejak lima minggu kehamilan atau seminggu setelah menstruasi pertama Anda terlewat. Tanda-tanda yang paling umum adalah mual, nyeri payudara, peningkatan buang air kecil, dan kelelahan. Kebanyakan wanita mengalami gejala pada sekitar minggu ke delapan kehamilan."
Mengapa ibu hamil merasa lelah?,"Salah satu tanda awal kehamilan mungkin terasa sangat lelah sehingga Anda ingin merangkak ke tempat tidur dan diam di sana sepanjang hari. Anda bisa menyalahkan hormon kehamilan, khususnya peningkatan progesteron pada trimester pertama. Kehamilan juga dapat menurunkan tekanan darah dan kadar gula darah, yang dapat membuat Anda lelah. Kabar baiknya: energi Anda akan meningkat setelah memasuki trimester kedua."
Apakah kram saat hamil normal?,"Anda mungkin mengalami kram di awal kehamilan—sebelum Anda menyadari bahwa Anda sedang hamil—karena embrio tertanam di dalam rahim Anda. Namun Anda mungkin juga merasakan kram pada trimester pertama. Kram ini mungkin terjadi saat Anda berolahraga atau melakukan gerakan tiba-tiba seperti berguling di tempat tidur. Ini disebabkan oleh kejang ligamen uterus dan/atau iritasi pada serabut saraf di sekitarnya. Ini akan hilang dengan sendirinya. Beri tahu dokter Anda segera jika kram terus berlanjut atau memburuk, karena ini bisa menandakan kehamilan ektopik."
Kapan Anda mulai tampil selama kehamilan?,"Setiap wanita berbeda, tetapi sebagian besar menunjukkan perut yang membesar sekitar minggu ke 16-20 kehamilan. Jika mereka pernah hamil sebelumnya, mereka mungkin “menunjukkan” lebih awal."
Kapan mengidam kehamilan dimulai?,"Hingga 90 persen wanita Amerika melaporkan mengidam saat hamil, dan sekitar ¾ mengalaminya pada minggu ke-13 kehamilan. Daftar teratas? Cokelat, disusul karbohidrat berkalori tinggi seperti pizza dan keripik, serta sepertiga protein hewani seperti ayam dan steak."
Bagian payudara mana yang sakit di awal kehamilan?,"Tidak ada satu bagian payudara yang lebih sakit dibandingkan bagian lainnya, meskipun Anda mungkin menyadari bahwa bagian payudara Anda sangat sensitif dan nyeri di sekitar puting. Payudara Anda mungkin terasa lebih penuh atau lebih berat dan bahkan kesemutan."
Kapan mual kehamilan dimulai?,"Seperti banyak gejala kehamilan lainnya, mual seringkali bervariasi pada setiap wanita. Ini bisa dimulai beberapa minggu setelah Anda hamil atau muncul di akhir trimester. Beberapa wanita mungkin menyadari rasa mual mereka hilang setelah beberapa minggu, dan beberapa wanita merasa mual terus berlanjut selama kehamilan. Meskipun sering disebut sebagai “morning disease”, mual yang berhubungan dengan kehamilan dapat terjadi kapan saja atau bahkan di malam hari."
Kapan sakit maag dimulai saat hamil?,"Sakit maag bisa terjadi kapan saja, dan bagi sebagian wanita, hal itu dimulai pada trimester pertama. Hormon kehamilan seperti progesteron mengendurkan katup antara perut dan kerongkongan. Akibatnya, asam lambung bisa kembali naik sehingga menyebabkan Anda merasa seperti terbakar. Makan dalam porsi kecil dan tidur lebih nyenyak dapat membantu."
Perubahan payudara seperti apa yang normal selama kehamilan?,"Selama trimester kedua, payudara Anda mungkin membesar karena pertumbuhan lemak dan kelenjar susu. Puting Anda mungkin menjadi gelap dan timbul benjolan kecil. Areola Anda—area gelap di sekitar puting—mungkin juga membesar. Menjelang akhir kehamilan Anda, cairan lengket kekuningan mungkin mulai keluar dari puting Anda. Ini disebut kolostrum, dan akan memberi makan bayi Anda beberapa hari pertama setelah lahir. "
Kapan Anda mulai merasakan bayi bergerak?,"Anda biasanya dapat merasakan bayi Anda bergerak pada pertengahan trimester kedua. Awalnya, perut Anda mungkin terasa seperti gerakan lembut. Yakinlah, bayi Anda sudah pernah bergerak sebelumnya, tetapi ia terlalu kecil untuk Anda rasakan. Kali kedua (atau ketiga, atau keempat) para ibu mungkin menyadari getaran ini lebih awal."
Apa yang harus saya makan selama trimester kedua kehamilan saya?,"Kebanyakan wanita hamil membutuhkan sekitar 2200 kalori sehari selama trimester kedua. Fokus pada makanan yang kaya protein, kalsium, dan lemak sehat, seperti omega-3, dan rendah gula tambahan. Secara umum, itu berarti: Biji-bijian seperti roti, sereal, nasi, dan pasta. Sayuran. Buah .Produk susu, seperti susu, yogurt, atau keju. Unggas, ikan, daging, kacang kering, telur, dan kacang-kacangan"
Haruskah saya menghindari jenis makanan tertentu selama kehamilan?,"Meskipun sebagian besar makanan baik-baik saja, setidaknya dalam jumlah sedang, ada beberapa makanan yang sebaiknya Anda hindari. Ini termasuk: Ikan yang mengandung merkuri tinggi seperti tuna mata besar (tuna kalengan ringan yang aman), makarel, orange roughy, ikan todak, dan hiu. Makanan laut mentah (termasuk sushi mentah). Produk susu yang tidak dipasteurisasi, seperti keju lunak seperti brie, feta, dan keju biru. Alkohol. Teh herbal. Lebih dari 200 mg kafein (setara dengan dua cangkir kopi seberat delapan ons)"
Seberapa besar rahim Anda saat hamil?,Rahim Anda berubah dari seukuran satu ons lemon menjadi seukuran semangka seberat dua pon saat Anda melahirkan. Ini akan menyusut kembali ke ukuran sebelum kehamilan sekitar enam minggu pascapersalinan.
Kapan pemeriksaan rutin dimulai?,"Pemeriksaan rutin dapat dimulai setelah Anda memasuki trimester ketiga. Mulai sekarang, Anda akan menemui penyedia layanan kesehatan Anda setiap dua minggu. Setelah Anda mencapai minggu ke 36, Anda akan menjalani kunjungan prenatal mingguan sampai Anda melahirkan. Kunjungan ini sering kali singkat dan menyenangkan, dan itu tidak masalah. Anda masih harus menemui mereka."
Kapan pemeriksaan serviks dimulai pada kehamilan?,"Pemeriksaan serviks umumnya dimulai sekitar minggu 36 -38. Saat Anda mendekati tanggal jatuh tempo, leher rahim Anda mungkin menipis dan melunak saat bersiap untuk melebar. Ini normal dan merupakan cara tubuh Anda membuka dan menyiapkan jalan lahir. Selama bulan terakhir kehamilan, dokter Anda mungkin memeriksa kemajuan Anda dengan melakukan pemeriksaan serviks secara cepat. Namun, tidak semua dokter melakukannya—dan tidak semua wanita menginginkannya—jadi Anda selalu dapat mendiskusikan apakah Anda memerlukannya atau tidak dengan penyedia layanan kesehatan Anda."
Apa artinya jika dokter saya memberi tahu saya bahwa saya melebar? ,"Leher rahim menipis dan melebar saat tubuh Anda bersiap untuk melahirkan. Pelebaran serviks disebut dengan dilatasi. Sebelum Anda terlalu bersemangat, ingatlah bahwa Anda bisa tetap melebarkan satu sentimeter selama berhari-hari atau bahkan berminggu-minggu. Petunjuk lain bahwa seorang wanita mungkin akan mendekati persalinan adalah hilangnya sumbat lendir, pecahnya air ketuban, dan peningkatan kontraksi. Namun, tidak semua wanita mungkin mengalami semua (atau salah satu) tanda-tanda tersebut."
Kapan sebagian besar wanita akan melahirkan?,Rata-rata lama kehamilan adalah 40 minggu. Namun hanya itu saja: rata-rata. Kebanyakan wanita melahirkan antara 38 dan 41 minggu kehamilan mereka. 
Bagaimana rasanya melahirkan?,"Bagi banyak orang, kontraksi adalah bagian persalinan yang paling berkesan. Kontraksi adalah saat otot-otot rahim Anda menegang dan kemudian mengendur. Ini bisa terasa seperti apa saja, mulai dari kram menstruasi hingga kram yang berhubungan dengan sakit perut yang hebat. Kontraksi ini berlangsung hingga satu menit dan terjadi dalam selang waktu lima hingga sepuluh menit (semakin lama semakin intens dan semakin dekat). Biasanya, rasa sakitnya sangat parah sehingga Anda tidak dapat berjalan atau berbicara. Pada titik tertentu selama persalinan, air ketuban Anda mungkin pecah. Pecahnya ketuban mungkin terasa seperti rasa geli atau aliran cairan yang deras. "
Berapa banyak berat badan yang turun setelah melahirkan?,"Jangan memaksakan diri untuk menurunkan berat badan dengan cepat, karena tubuh Anda memerlukan waktu istirahat dan pemulihan setelah melahirkan. Setiap wanita kehilangan berat badan pasca melahirkan pada waktu dan kecepatannya masing-masing. Para profesional medis menyarankan pasien hamil untuk kehilangan seluruh berat badan kehamilannya dalam waktu enam bulan pascapersalinan. "
Berapa lama Anda mengalami pendarahan setelah melahirkan?,"Anda akan mengalami lokia, atau pendarahan vagina, selama sekitar enam minggu setelah melahirkan. Ini akan menjadi yang terberat pada sepuluh hari pertama, kemudian mereda. Proses ini adalah cara alami untuk membuang semua darah dan jaringan ekstra yang digunakan tubuh Anda selama kehamilan. Beri tahu dokter Anda jika pendarahan Anda sangat deras (lebih dari satu pembalut per jam) dan/atau mengandung gumpalan yang lebih besar dari seperempatnya."
Berapa lama penyembuhan setelah melahirkan?,Jangan berharap untuk bangkit kembali dalam beberapa hari. Wanita biasanya merasa lebih baik dalam enam hingga delapan minggu. Dokter Anda dapat membantu Anda mengembangkan rencana pemulihan yang sesuai untuk Anda.
Apakah gerakan bayi Anda melambat mendekati tanggal kelahirannya?,"Anda mungkin merasakan gerakan bayi Anda mulai dari tendangan atau gerakan, hingga berguling atau desir. Jika pola gerak, rutinitas, kekuatan atau frekuensi bayi Anda berubah, mungkin itu pertanda ia sedang tidak sehat. Tidak ada jumlah gerakan normal yang ditentukan. TIDAK BENAR jika bayi bergerak lebih sedikit atau melambat menjelang akhir kehamilan Anda. Anda harus terus merasakan pola gerakan teratur bayi Anda hingga saat ia lahir. Mitos bahwa makan atau minum minuman dingin untuk merangsang bayi Anda TIDAK berhasil. Percayalah pada intuisi Anda dan jika Anda khawatir dengan pergerakan bayi Anda, segera hubungi dokter atau bidan Anda"
Apakah berbaring telentang berbahaya saat hamil?,"Bolak-balik di malam hari adalah hal biasa selama kehamilan dan terkadang sulit untuk merasa nyaman dalam posisi apa pun. Posisi tidur terbaik saat Anda hamil, terutama setelah minggu ke-28, adalah miring. Berbaring telentang bukanlah ide yang baik, karena berat bayi dan rahim menekan beberapa pembuluh darah utama yang membawa darah kembali ke jantung. Hal ini mungkin membuat Anda merasa sesak napas atau pusing, dan menyebabkan penurunan kadar oksigen pada bayi sehingga membahayakan kesejahteraan bayi. Studi ilmiah terbaru menunjukkan bahwa wanita yang tidur telentang memiliki peluang 8 kali lebih tinggi untuk melahirkan bayi dalam keadaan mati dibandingkan wanita yang tidur dengan posisi lain. Jangan berbaring sambil mengkhawatirkan posisi mana yang harus Anda ambil, letakkan bantal di belakang punggung dan di antara kedua lutut untuk mencegah jatuh terlentang dan jika Anda bangun telentang, cukup tidur kembali dengan posisi miring."
Apakah olahraga saat hamil dapat membahayakan bayi atau menyebabkan persalinan prematur?,"Ada banyak manfaat yang bisa didapat dari rutin berolahraga selama hamil. Hal ini mencakup manfaat fisik dan pencegahan penambahan berat badan berlebihan, serta manfaat bagi kesejahteraan psikologis. Wanita dengan kehamilan tanpa komplikasi sebaiknya melakukan latihan aerobik dan pengondisian kekuatan secara teratur, rata-rata 20 – 30 menit, empat hingga lima kali seminggu. Aktivitas yang mempunyai kemungkinan terjatuh (yaitu menunggang kuda, ski, bersepeda) atau benturan pada perut (olahraga tim kontak) harus dihindari. Informasi lebih lanjut mengenai olahraga selama kehamilan dapat ditemukan di situs web RANZCOG di bawah Informasi Pasien. "
Amankah mengonsumsi obat pereda nyeri seperti paracetamol saat hamil?,"Parasetamol (juga dikenal sebagai Panadol) dianggap aman dikonsumsi jika Anda sedang hamil. Telah digunakan secara rutin selama semua tahap kehamilan untuk mengurangi suhu tinggi dan menghilangkan rasa sakit. Tidak ada bukti jelas bahwa hal ini mempunyai efek berbahaya pada bayi yang belum lahir. Namun seperti halnya obat apa pun yang diminum selama kehamilan, gunakan parasetamol dengan dosis efektif terendah dan dalam waktu sesingkat mungkin. Jika dosis parasetamol yang dianjurkan tidak dapat mengendalikan gejala atau Anda merasa kesakitan, hubungi dokter, bidan, atau rumah sakit bersalin untuk mendapatkan nasihat medis lebih lanjut. Saran mengonsumsi ibuprofen saat hamil berbeda-beda. Ini tidak boleh dilakukan selama kehamilan"
Apakah merokok selama kehamilan akan membuat bayi saya lebih kecil?,"Wanita tidak boleh merokok selama kehamilan. Rokok tidak hanya berbahaya bagi kesehatan Anda, namun juga berhubungan dengan keguguran dini, pendarahan dari plasenta (solusi plasenta), prematuritas, berat badan lahir rendah, dan lahir mati. Wanita yang merokok lebih mungkin melahirkan bayi berukuran kecil, namun bayi tersebut lebih rentan terhadap masalah pernapasan, infeksi, dan masalah kesehatan lainnya. Jika Anda tidak dapat berhenti sepenuhnya, Anda harus mengurangi kebiasaan merokok sebanyak mungkin. Pengganti nikotin dalam bentuk koyo dan permen karet aman dan dapat digunakan sebagai bagian dari strategi Anda untuk berhenti. Hal ini karena paparan nikotin lebih rendah bila digunakan sebagai tempelan atau permen karet dibandingkan saat rokok dihisap, serta berkurangnya racun lain yang ada pada rokok. Rokok elektronik dan alat penguap adalah cara lain untuk mengurangi kebiasaan merokok, namun hal ini harus dihindari karena masih menghasilkan nikotin dalam jumlah tinggi dan dampaknya terhadap kehamilan belum diketahui. Bicaralah dengan penyedia layanan Anda tentang mendapatkan dukungan untuk membantu Anda berhenti atau mengurangi kebiasaan merokok."
Vaksinasi apa yang harus saya dapatkan selama kehamilan?,"Sejumlah perubahan terjadi pada tubuh wanita saat hamil. Perubahan tersebut antara lain penurunan fungsi paru-paru, peningkatan curah jantung, peningkatan konsumsi oksigen, dan perubahan sistem kekebalan tubuh. Imunisasi tidak hanya melindungi Anda tetapi juga bayi Anda. Vaksinasi pada ibu hamil adalah cara terbaik untuk melindungi bayi Anda yang baru lahir. Saat Anda divaksinasi, antibodi Anda berpindah dari Anda ke bayi Anda yang sedang berkembang. Mereka menerima perlindungan dari Anda ketika mereka masih terlalu muda untuk menerima vaksinasi. Jika Anda sedang hamil, vaksin influenza dan vaksin pertusis (batuk rejan) dianjurkan. Vaksin influenza dianjurkan pada setiap kehamilan dan pada setiap tahap kehamilan Anda. Vaksin pertusis direkomendasikan antara 20 dan 32 minggu pada setiap kehamilan. Kedua vaksin tersebut diberikan secara gratis kepada wanita hamil di Australia dan Selandia Baru. Beberapa vaksin lain dapat diberikan dalam keadaan khusus seperti bepergian, namun hal ini tidak dianjurkan secara rutin dan harus didiskusikan dengan dokter atau bidan Anda."
Pada tahap kehamilan manakah Anda tidak diperbolehkan lagi naik pesawat?,"Banyak wanita akan melakukan perjalanan selama kehamilan untuk bekerja, rekreasi dan mengunjungi teman dan kerabat. Secara umum, trimester kedua adalah waktu paling aman dan nyaman untuk bepergian. Namun, jika kondisi kesehatan Anda baik dan kehamilan normal, tidak ada alasan Anda tidak boleh terbang. Selalu tanyakan kepada dokter atau bidan Anda sebelum merencanakan perjalanan untuk memastikan aman bagi Anda untuk melakukannya. Sebagian besar maskapai penerbangan membatasi penerbangan wanita hamil pada masa kehamilan lanjut, jadi tanyakan kepada maskapai penerbangan Anda sebelum melakukan perjalanan. Selain itu, Anda harus mengetahui perawatan medis yang tersedia di tempat tujuan Anda dan paparan infeksi apa pun. Informasi lebih lanjut mengenai perjalanan selama kehamilan dapat ditemukan di situs web RANZCOG di bawah Informasi Pasien"
Apakah seks selama kehamilan akan membahayakan bayi atau menyebabkan persalinan?,"Seks tidak menyebabkan persalinan. Benar-benar aman untuk melakukan hubungan intim dengan pasangan Anda selama kehamilan kecuali dokter Anda menyarankan Anda untuk tidak berhubungan seks karena komplikasi seperti pendarahan, plasenta previa, pecahnya ketuban (ketuban pecah), atau jika Anda berisiko mengalami persalinan prematur. Asalkan Anda berada dalam posisi yang nyaman dan tidak memberikan banyak tekanan pada perut Anda, bayi Anda berada dalam kantung ketuban yang akan menjaganya tetap terlindungi dengan baik. "
Haruskah pemandian spa dan kolam renang dihindari selama kehamilan?,"Kolam renang dan aktivitas berbasis air menyediakan lingkungan yang hampir tidak berbobot untuk berolahraga. Berenang adalah cara yang aman dan menyenangkan untuk berolahraga saat Anda hamil. Ini meningkatkan sirkulasi Anda, meningkatkan tonus dan kekuatan otot, dan membangun stamina Anda. Hindari spa berpemanas dan kolam hidroterapi karena berpotensi meningkatkan suhu inti tubuh dan berisiko kepanasan, dehidrasi, dan pingsan."
Apakah aman menggunakan sabuk pengaman saat hamil?,"Saat bepergian dengan mobil, sebaiknya selalu memakai sabuk pengaman. Posisi duduk Anda penting untuk meminimalisir cedera jika terjadi kecelakaan. Sabuk pengaman harus berupa penahan tiga titik (yang berarti harus memiliki tali pangkuan dan tali bahu). Pastikan selempang pangkuan sabuk pengaman dikenakan di sekitar pinggul dan di bawah perut hamil Anda. Tali bahu harus dipasang di atas perut dan di antara payudara Anda. Jangan pernah memakai ikat pinggang di atas atau di atas perut Anda. "
"Saat Anda hamil, apakah Anda perlu makan untuk dua orang?","Banyak wanita tidak menyadari berapa berat badan yang harus mereka naikkan selama kehamilan dan ada pula yang mengalami kenaikan berat badan lebih dari ideal. Seorang ibu hamil hanya perlu menambah porsi kalori ekstra untuk menunjang bayinya. Jumlah pasti kalori bergantung pada berat badan, tinggi badan, tingkat aktivitas, kelebihan berat badan atau tidak, serta trimester kehamilan. Wanita hamil sebaiknya disarankan untuk mengonsumsi makanan yang sehat dan seimbang dan rata-rata mengonsumsi sekitar 350–450 kalori tambahan per hari selama kehamilan (setara dengan dua camilan sehat seperti sepotong buah, telur rebus, hummus. dengan stik sayur atau smoothie berry). Tidak perlu ‘makan untuk dua orang’ seperti yang diperkirakan sebelumnya."
Apakah segelas anggur sesekali baik-baik saja selama kehamilan?,Beberapa orang percaya bahwa minum segelas anggur sesekali tidak berbahaya selama kehamilan dan tidak berpengaruh pada bayi. Sensitivitas bayi terhadap efek buruk alkohol bervariasi antar wanita dan antar tahap kehamilan. Bayi dari ibu yang mengonsumsi alkohol dalam jumlah tinggi selama kehamilan memiliki kemungkinan lebih tinggi mengalami malformasi dan keterlambatan perkembangan termasuk Sindrom Alkohol Janin. Saat ini belum ada konsensus mengenai tingkat aman alkohol selama kehamilan sehingga alkohol sebaiknya dihindari. 
Apakah kafein aman dikonsumsi selama kehamilan?,"Sejak lama, kopi, teh, dan minuman berkafein lainnya dikhawatirkan oleh ibu hamil dapat membahayakan bayi yang dikandungnya. Memang benar bahwa kafein melewati plasenta, artinya saat Anda mengonsumsi latte, Anda dan bayi akan merasakan sensasi yang menyenangkan. Tapi secangkir kecil kopi atau teh sehari tidak masalah. Jadi berapa banyak kopi atau teh yang bisa Anda minum? Itu semua tergantung jenis minuman dan kandungan kafeinnya. Pada akhirnya, Anda harus membuat keputusan sendiri. Jika pantang tidak memungkinkan, maka moderasi adalah kuncinya. Anda juga harus menyadari bahwa Anda dapat mengonsumsi kafein tidak hanya dari kopi, tetapi juga dari teh, cola, dan minuman soda lainnya (termasuk minuman energi), coklat, dan bahkan beberapa obat yang dijual bebas, seperti obat pereda nyeri."
Amankah makan ikan saat hamil?,"Ikan merupakan sumber asam lemak esensial yang penting untuk tumbuh kembang bayi. DHA (asam lemak tak jenuh ganda) adalah asam lemak omega-3 tak jenuh penting yang ditemukan pada ikan berminyak seperti salmon dan tuna yang membantu perkembangan mata dan otak bayi. Namun ikan juga dapat menjadi sumber merkuri yang dapat menyebabkan kerusakan neurologis (otak, tulang belakang, sistem saraf). Wanita hamil sebaiknya mencoba mengonsumsi 2-3 porsi ikan per minggu dengan DHA tinggi dan kandungan merkuri rendah. Secara umum, semakin besar jenis ikannya (yaitu hiu), semakin besar pula kandungan merkurinya. Contoh ikan yang mengandung kadar merkuri lebih rendah antara lain salmon dan tuna kalengan. Bagi wanita yang tidak mengonsumsi dua hingga tiga porsi ikan per minggu, mengonsumsi minyak ikan tidak menunjukkan perbaikan pada anak-anak. Wanita hamil sebaiknya menghindari ikan mentah dan setengah matang. Namun sushi yang disiapkan di dapur yang bersih dan memiliki reputasi baik tidak akan membahayakan kehamilan."
Makanan apa saja yang sebaiknya dihindari saat hamil?,"Tindakan pencegahan terhadap makanan penting selama kehamilan untuk menghindari bakteri yang berpotensi membahayakan dan mencegah paparan penyakit seperti toksoplasmosis dan listeria yang dapat menyebabkan cacat lahir, keguguran, dan lahir mati. Meskipun memasak dan pasteurisasi dapat membunuh bakteri, ada tips penting lainnya yang harus diikuti: Hindari makan daging mentah dan setengah matang (termasuk daging deli). Hindari makan ikan atau kerang yang kurang matang. Hindari produk susu yang tidak dipasteurisasi. Jangan makan keju lunak. Cuci semua buah dan sayur sebelum dimakan. Cuci tangan, pisau, dan talenan setelah menangani makanan mentah. Hindari makanan yang ditarik kembali karena terkontaminasi
"
Bisakah Anda menggunakan tan palsu selama kehamilan?,"Bahan aktif dalam tan palsu bereaksi dengan sel-sel di lapisan paling luar kulit, menghasilkan pigmen coklat yang disebut melanoidin. Untungnya bahan ini tidak menembus kulit lebih jauh, sehingga tidak terserap oleh aliran darah sehingga tidak membahayakan bayi Anda. Secara umum dianggap aman untuk menggunakan krim dan losion penyamakan kulit palsu selama kehamilan, tetapi mungkin yang terbaik adalah menghindari penyamakan kulit dengan semprotan, karena efek dari menghirup semprotan tersebut tidak diketahui."
Amankah mewarnai rambut saat hamil?,"Selama kehamilan, selalu ada mitos bahwa mewarnai rambut dapat membahayakan bayi Anda. Untungnya hal ini tidak benar. Bahan kimia dalam pewarna rambut permanen dan semi permanen tidak mudah diserap melalui kulit kepala dan akibatnya tidak akan membahayakan bayi Anda. Perlu Anda pahami bahwa penelitian di bidang ini masih terbatas, namun mewarnai rambut selama kehamilan dianggap aman. Jika Anda sedikit khawatir tentang potensi penyerapan, Anda dapat mempertimbangkan untuk menunggu hingga 12 minggu untuk mewarnai rambut Anda guna mencegah bayi berpotensi terpapar bahan kimia saat organ vitalnya sedang terbentuk. Anda juga dapat mengurangi penyerapan dengan meminimalkan atau menghindari paparan bahan kimia pada kulit kepala, menggunakan pewarna nabati semi permanen, membiarkan pewarna dalam waktu minimum yang diperlukan, dan membilas rambut Anda secara menyeluruh di akhir perawatan. Jika Anda seorang penata rambut, tidak perlu khawatir. Tidak ada bukti bahwa menggunakan pewarna rambut dapat membahayakan bayi Anda. Pastikan Anda mengenakan sarung tangan dan bekerja di salon yang berventilasi baik.
"
Haruskah Anda menghindari manikur selama kehamilan?,"Sama seperti pewarna rambut, bahan kimia yang digunakan dalam perawatan kuku berada dalam dosis rendah dan tidak mudah diserap oleh kulit Anda. Jadi ikuti langkah sederhana yang sama seperti pewarnaan rambut untuk meminimalkan potensi penyerapan dan risiko pada bayi Anda. Jika Anda memiliki luka pada dasar kuku, sebaiknya hindari perawatan kuku apa pun dan pastikan teknisi kuku Anda menggunakan alat yang disterilkan untuk mencegah infeksi. Jika Anda tidak tahu jenis cat kuku apa yang digunakan salon Anda, Anda perlu memberi tahu mereka bahwa mereka harus menghindari cat kuku yang mengandung dibutil ftalat, toluena, atau formaldehida. Untungnya selama kehamilan, kuku Anda biasanya lebih sehat dan kuat, sehingga bagi sebagian wanita, manikur selama kehamilan tidak diperlukan."
Apakah aman melakukan Botox selama kehamilan?,"Botox atau toksin botulinum digunakan untuk tujuan kosmetik dan juga untuk sakit kepala. Walaupun obat ini digunakan pada wanita yang sedang hamil, penelitian terbatas yang menunjukkan apakah obat ini mempunyai efek pada kehamilan atau bayi. Botox adalah molekul besar yang tidak melewati plasenta. Namun, meskipun botoks tidak menular ke bayi, botoks tingkat tinggi telah terbukti menyebabkan keguguran pada hewan. Karena alasan inilah Botox tidak boleh digunakan selama kehamilan. Pertimbangan yang sama juga harus dilakukan untuk pengisi kulit."
Haruskah Anda berhenti melakukan waxing selama kehamilan?,"Selama kehamilan, Anda dapat melanjutkan program waxing Anda. Satu-satunya masalah adalah kulit Anda mungkin menjadi lebih sensitif terutama di area kemaluan. Hal ini disebabkan oleh perubahan hormon dan aliran darah ke area tersebut pada khususnya. Waxing juga dapat menyebabkan beberapa memar. Penggunaan produk kimia seperti krim, losion, bedak, gel, roll-on, atau semprotan yang menghilangkan bulu dapat menyebabkan reaksi alergi yang tidak terjadi saat Anda tidak hamil. Jika Anda memiliki alergi, jangan gunakan lagi dan coba uji tempel kecil setelah kehamilan"